{
  "hash": "170b5649",
  "configHash": "eb0d5402",
  "lockfileHash": "de4440cc",
  "browserHash": "83de30c9",
  "optimized": {
    "@angular/common": {
      "src": "../../../../../../node_modules/@angular/common/fesm2022/common.mjs",
      "file": "@angular_common.js",
      "fileHash": "13ead671",
      "needsInterop": false
    },
    "@angular/common/http": {
      "src": "../../../../../../node_modules/@angular/common/fesm2022/http.mjs",
      "file": "@angular_common_http.js",
      "fileHash": "cdd91a8d",
      "needsInterop": false
    },
    "@angular/core": {
      "src": "../../../../../../node_modules/@angular/core/fesm2022/core.mjs",
      "file": "@angular_core.js",
      "fileHash": "bf760634",
      "needsInterop": false
    },
    "@angular/platform-browser": {
      "src": "../../../../../../node_modules/@angular/platform-browser/fesm2022/platform-browser.mjs",
      "file": "@angular_platform-browser.js",
      "fileHash": "aa083699",
      "needsInterop": false
    },
    "@angular/router": {
      "src": "../../../../../../node_modules/@angular/router/fesm2022/router.mjs",
      "file": "@angular_router.js",
      "fileHash": "dbe02d1e",
      "needsInterop": false
    }
  },
  "chunks": {
    "chunk-GE6N4L2L": {
      "file": "chunk-GE6N4L2L.js"
    },
    "chunk-VB7RPPRT": {
      "file": "chunk-VB7RPPRT.js"
    },
    "chunk-2VDO6DDW": {
      "file": "chunk-2VDO6DDW.js"
    },
    "chunk-KNRYTDUQ": {
      "file": "chunk-KNRYTDUQ.js"
    }
  }
}